mode,workers,elapsed_seconds,speedup_vs_seq
sequential,1,1.0038065999999617,1.0
parallel,1,1.0047816999999668,0.9990295404464421
parallel,2,0.5681311000000733,1.7668573327526556
parallel,4,0.6038656999999148,1.662301071248298
parallel,8,1.1407874999999876,0.8799242628447214
