mode,workers,elapsed_seconds,speedup_vs_seq
sequential,1,82.79855819999989,1.0
parallel,1,53.27323030000002,1.5542244713476638
parallel,2,34.31177360000015,2.4131238205651813
parallel,4,25.99498349999999,3.1851744856848985
parallel,8,12.637877500000059,6.55161898823592
